molecule_chembl_id,canonical_smiles,bioactivity_class,standard_value
CHEMBL435507,CC1CN(c2cc(=O)c3ccc4ccccc4c3o2)CCO1,inactive,100000.0
CHEMBL98350,O=c1cc(N2CCOCC2)oc2c(-c3ccccc3)cccc12,inactive,100000.0
CHEMBL104468,O=c1cc(N2CCOCC2)oc2c1ccc1ccccc12,inactive,100000.0
CHEMBL179242,O=c1cc(N2CCOCC2)nc2c3ccccc3ccn12,inactive,100000.0
CHEMBL188678,O=c1cc(N2CCOCC2)oc2c(-c3cccc4c3sc3ccccc34)cccc12,inactive,100000.0
CHEMBL98350,O=c1cc(N2CCOCC2)oc2c(-c3ccccc3)cccc12,inactive,100000.0
CHEMBL104468,O=c1cc(N2CCOCC2)oc2c1ccc1ccccc12,inactive,100000.0
CHEMBL223559,O=c1cc(/C=C/c2ccccc2)oc(N2CCOCC2)c1,inactive,10000.0
CHEMBL223436,CC(=O)c1cccc(-c2cc(=O)cc(N3CCOCC3)o2)c1,inactive,10000.0
CHEMBL225796,O=c1cc(-c2ccc(OCc3ccccc3)cc2)oc(N2CCOCC2)c1,inactive,100000.0
CHEMBL223980,O=c1cc(-c2cccc(OCc3ccccc3)c2)oc(N2CCOCC2)c1,inactive,10000.0
CHEMBL221459,O=c1cc(-c2ccccc2OCc2ccccc2)oc(N2CCOCC2)c1,inactive,28500.0
CHEMBL221412,O=c1cc(-c2ccc(OC(F)(F)F)cc2)oc(N2CCOCC2)c1,inactive,100000.0
CHEMBL222766,O=c1cc(-c2cccc(OC(F)(F)F)c2)oc(N2CCOCC2)c1,inactive,100000.0
CHEMBL222765,N#Cc1ccc(-c2cc(=O)cc(N3CCOCC3)o2)cc1,inactive,10000.0
CHEMBL223034,N#Cc1cccc(-c2cc(=O)cc(N3CCOCC3)o2)c1,inactive,10000.0
CHEMBL222179,O=C(Nc1ccc(-c2cc(=O)cc(N3CCOCC3)o2)cc1)OCc1ccccc1,inactive,100000.0
CHEMBL221565,CC(C)(C)OC(=O)Nc1ccc(-c2cc(=O)cc(N3CCOCC3)o2)cc1,inactive,10000.0
CHEMBL375346,Nc1ccccc1-c1cc(=O)cc(N2CCOCC2)o1,inactive,100000.0
CHEMBL223610,O=c1cc(-c2ccccc2C(F)(F)F)oc(N2CCOCC2)c1,inactive,10000.0
CHEMBL225273,CC(=O)OCc1cccc(-c2cc(=O)cc(N3CCOCC3)o2)c1,inactive,10000.0
CHEMBL224782,COC(=O)c1ccc(-c2cc(=O)cc(N3CCOCC3)o2)c(N)c1,inactive,100000.0
CHEMBL426894,O=c1cc(-c2ccc(-c3ccccc3)cc2)oc(N2CCOCC2)c1,inactive,10000.0
CHEMBL222815,O=C(OCc1ccccc1)c1ccc(-c2cc(=O)cc(N3CCOCC3)o2)cc1,inactive,100000.0
CHEMBL222181,COC(=O)c1cccc(-c2cc(=O)cc(N3CCOCC3)o2)c1,inactive,10000.0
CHEMBL373526,COC(=O)c1ccccc1-c1cc(=O)cc(N2CCOCC2)o1,inactive,10000.0
CHEMBL222180,O=C(O)c1cccc(-c2cc(=O)cc(N3CCOCC3)o2)c1,inactive,100000.0
CHEMBL223437,O=Cc1cccc(-c2cc(=O)cc(N3CCOCC3)o2)c1,inactive,10000.0
CHEMBL222102,O=c1cc(-c2cccc3c2Sc2ccccc2S3)oc(N2CCOCC2)c1,active,13.0
CHEMBL373979,O=c1cc(-c2cccc3c2oc2ccccc23)oc(N2CCOCC2)c1,intermediate,3200.0
CHEMBL223041,O=c1cc(-c2cccc3cccnc23)oc(N2CCOCC2)c1,inactive,10000.0
CHEMBL223382,O=Cc1ccc(-c2cc(=O)cc(N3CCOCC3)o2)c2ccccc12,inactive,100000.0
CHEMBL389267,Cc1ccc(-c2cc(=O)cc(N3CCOCC3)o2)c2ccccc12,inactive,10000.0
CHEMBL225609,O=c1cc(-c2ccc3ccccc3c2)oc(N2CCOCC2)c1,inactive,10000.0
CHEMBL225608,O=c1cc(-c2cccc3ccccc23)oc(N2CCOCC2)c1,inactive,100000.0
CHEMBL222545,O=c1cc(-c2cc3ccccc3o2)oc(N2CCOCC2)c1,inactive,18000.0
CHEMBL222544,O=c1cc(-c2cc3ccccc3s2)oc(N2CCOCC2)c1,inactive,10000.0
CHEMBL374930,O=c1cc(-c2csc3ccccc23)oc(N2CCOCC2)c1,intermediate,4300.0
CHEMBL222745,O=c1cc(-c2ccc3[nH]ccc3c2)oc(N2CCOCC2)c1,inactive,10000.0
CHEMBL222577,CC(=O)c1ccc(-c2cc(=O)cc(N3CCOCC3)o2)s1,inactive,10000.0
CHEMBL222525,O=Cc1sccc1-c1cc(=O)cc(N2CCOCC2)o1,inactive,10000.0
CHEMBL223775,O=c1cc(-c2ccco2)oc(N2CCOCC2)c1,inactive,10000.0
CHEMBL223381,O=c1cc(-c2ccsc2)oc(N2CCOCC2)c1,inactive,10000.0
CHEMBL374133,O=c1cc(-c2cccs2)oc(N2CCOCC2)c1,inactive,10000.0
CHEMBL374290,O=C1c2ccccc2C(=O)N1Cc1ccc(-c2cc(=O)cc(N3CCOCC3)o2)cc1,inactive,100000.0
CHEMBL373699,O=C1c2ccccc2C(=O)N1Cc1cccc(-c2cc(=O)cc(N3CCOCC3)o2)c1,inactive,100000.0
CHEMBL223667,COC(=O)/C=C/c1cccc(-c2cc(=O)cc(N3CCOCC3)o2)c1,inactive,10000.0
CHEMBL260876,NC(N)=S,active,200.0
CHEMBL104468,O=c1cc(N2CCOCC2)oc2c1ccc1ccccc12,inactive,100000.0
CHEMBL101797,O=C1Nc2ccccc2/C1=C\c1ccc[nH]1,inactive,12000.0
CHEMBL189584,CCN(CC)CCCCNc1ncc2cc(-c3cc(OC)cc(OC)c3)c(NC(=O)NC(C)(C)C)nc2n1,inactive,17600.0
CHEMBL585699,COc1cc(/C=N/Nc2nc(N3CCOCC3)nc(N3CCOCC3)n2)cc(OC)c1O,inactive,10000.0
CHEMBL1221601,O=C(NC(NC(=S)Nc1ccc(F)c([N+](=O)[O-])c1)C(Cl)(Cl)Cl)C(c1ccccc1)c1ccccc1,active,200.0
CHEMBL222102,O=c1cc(-c2cccc3c2Sc2ccccc2S3)oc(N2CCOCC2)c1,active,13.0
CHEMBL104468,O=c1cc(N2CCOCC2)oc2c1ccc1ccccc12,inactive,100000.0
CHEMBL113,Cn1c(=O)c2c(ncn2C)n(C)c1=O,inactive,200000.0
CHEMBL479488,COc1cc2c(c(OC)c1OC)-c1c(cc3c(c1OC)OCO3)CC(C)C(C)C2,inactive,1740000.0
CHEMBL1766759,Nc1ncc(-c2ccccc2)nc1C(=O)Nc1ccccc1,intermediate,8000.0
CHEMBL1766760,Nc1nccnc1C(=O)Nc1ccccc1,intermediate,8000.0
CHEMBL1766761,Nc1ncc(Br)nc1C(=O)Nc1ccccc1,intermediate,8000.0
CHEMBL1766762,Nc1ncc(C2CCCCC2)nc1C(=O)Nc1ccccc1,intermediate,8000.0
CHEMBL1766763,Nc1ncc(C2=CCCCC2)nc1C(=O)Nc1ccccc1,intermediate,8000.0
CHEMBL1765107,Nc1ncc(-c2cccnc2)nc1C(=O)Nc1ccccc1,intermediate,8000.0
CHEMBL1766764,Nc1ncc(-c2ccncc2)nc1C(=O)Nc1ccccc1,intermediate,8000.0
CHEMBL1766765,N#Cc1ccccc1-c1cnc(N)c(C(=O)Nc2ccccc2)n1,active,320.0
CHEMBL1766766,C[S+]([O-])c1ccccc1-c1cnc(N)c(C(=O)Nc2ccccc2)n1,intermediate,3000.0
CHEMBL1766767,CS(=O)(=O)c1ccccc1-c1cnc(N)c(C(=O)Nc2ccccc2)n1,intermediate,8000.0
CHEMBL1766768,Nc1ncc(-c2ccccc2O)nc1C(=O)Nc1ccccc1,intermediate,8000.0
CHEMBL1766769,COc1ccccc1-c1cnc(N)c(C(=O)Nc2ccccc2)n1,intermediate,8000.0
CHEMBL1766770,Nc1ncc(-c2ccccc2Cl)nc1C(=O)Nc1ccccc1,intermediate,8000.0
CHEMBL1766771,Cc1ccccc1-c1cnc(N)c(C(=O)Nc2ccccc2)n1,intermediate,8000.0
CHEMBL1766772,N#Cc1cccc(-c2cnc(N)c(C(=O)Nc3ccccc3)n2)c1,intermediate,8000.0
CHEMBL1766773,CS(=O)(=O)c1cccc(-c2cnc(N)c(C(=O)Nc3ccccc3)n2)c1,intermediate,6600.0
CHEMBL1766774,Nc1ncc(-c2cccc(O)c2)nc1C(=O)Nc1ccccc1,intermediate,8000.0
CHEMBL1766775,COc1cccc(-c2cnc(N)c(C(=O)Nc3ccccc3)n2)c1,intermediate,8000.0
CHEMBL1766776,Nc1ncc(-c2cccc(Cl)c2)nc1C(=O)Nc1ccccc1,intermediate,8000.0
CHEMBL1766777,Cc1cccc(-c2cnc(N)c(C(=O)Nc3ccccc3)n2)c1,intermediate,8000.0
CHEMBL1766778,N#Cc1ccc(-c2cnc(N)c(C(=O)Nc3ccccc3)n2)cc1,intermediate,8000.0
CHEMBL1766779,CS(=O)(=O)c1ccc(-c2cnc(N)c(C(=O)Nc3ccccc3)n2)cc1,intermediate,8000.0
CHEMBL1766780,Nc1ncc(-c2ccc(O)cc2)nc1C(=O)Nc1ccccc1,intermediate,5800.0
CHEMBL1766781,COc1ccc(-c2cnc(N)c(C(=O)Nc3ccccc3)n2)cc1,intermediate,8000.0
CHEMBL1766782,Nc1ncc(-c2ccc(Cl)cc2)nc1C(=O)Nc1ccccc1,intermediate,8000.0
CHEMBL1766783,Cc1ccc(-c2cnc(N)c(C(=O)Nc3ccccc3)n2)cc1,intermediate,8000.0
CHEMBL1766784,NC(=O)c1ccc(-c2cnc(N)c(C(=O)Nc3ccccc3)n2)cc1,intermediate,2900.0
CHEMBL1766785,CNC(=O)c1ccc(-c2cnc(N)c(C(=O)Nc3ccccc3)n2)cc1,intermediate,2600.0
CHEMBL1766786,Nc1ncc(-c2ccc(C(=O)N3CCC3)cc2)nc1C(=O)Nc1ccccc1,intermediate,8000.0
CHEMBL1766787,CN(C)C(=O)c1ccc(-c2cnc(N)c(C(=O)Nc3ccccc3)n2)cc1,intermediate,8000.0
CHEMBL1766788,Nc1ncc(-c2ccc(C(=O)N3CCCC3)cc2)nc1C(=O)Nc1ccccc1,intermediate,8000.0
CHEMBL1766789,Nc1ncc(-c2ccc(C(=O)N3CCCCC3)cc2)nc1C(=O)Nc1ccccc1,intermediate,8000.0
CHEMBL1766790,CN(C)C(=O)c1ccc(-c2cnc(N)c(C(=O)Nc3ccccc3)n2)cc1Cl,intermediate,8000.0
CHEMBL1766791,C[S+]([O-])c1ccc(-c2cnc(N)c(C(=O)Nc3ccccc3)n2)cc1,intermediate,8000.0
CHEMBL1766792,CCS(=O)(=O)c1ccc(-c2cnc(N)c(C(=O)Nc3ccccc3)n2)cc1,intermediate,8000.0
CHEMBL1766793,CC(C)S(=O)(=O)c1ccc(-c2cnc(N)c(C(=O)Nc3ccccc3)n2)cc1,intermediate,8000.0
CHEMBL1766794,CCCS(=O)(=O)c1ccc(-c2cnc(N)c(C(=O)Nc3ccccc3)n2)cc1,intermediate,5400.0
CHEMBL1766795,CCC(C)S(=O)(=O)c1ccc(-c2cnc(N)c(C(=O)Nc3ccccc3)n2)cc1,intermediate,6600.0
CHEMBL1766796,CC(C)(C)S(=O)(=O)c1ccc(-c2cnc(N)c(C(=O)Nc3ccccc3)n2)cc1,intermediate,8000.0
CHEMBL1766797,CC(CN(C)C)S(=O)(=O)c1ccc(-c2cnc(N)c(C(=O)Nc3ccccc3)n2)cc1,intermediate,8000.0
CHEMBL1766798,CC(CCO)S(=O)(=O)c1ccc(-c2cnc(N)c(C(=O)Nc3ccccc3)n2)cc1,intermediate,8000.0
CHEMBL1766799,Nc1ncc(-c2ccc(S(=O)(=O)[C@@H]3CCOC3)cc2)nc1C(=O)Nc1ccccc1,intermediate,5000.0
CHEMBL1766800,CS(=O)(=O)c1ccc(-c2cnc(N)c(C(=O)NC3CCCCC3)n2)cc1,intermediate,8000.0
CHEMBL1766801,CS(=O)(=O)c1ccc(-c2cnc(N)c(-c3nc4ccccc4[nH]3)n2)cc1,active,380.0
CHEMBL1766802,CS(=O)(=O)c1ccc(-c2cnc(N)c(-c3nc4ccccc4o3)n2)cc1,active,840.0
CHEMBL1766803,CS(=O)(=O)c1ccc(-c2cnc(N)c(-c3nc4ccccc4s3)n2)cc1,active,720.0
CHEMBL1766804,CS(=O)(=O)c1ccc(-c2cnc(N)c(-c3cc4ccccc4[nH]3)n2)cc1,active,120.0
CHEMBL222102,O=c1cc(-c2cccc3c2Sc2ccccc2S3)oc(N2CCOCC2)c1,active,14.0
CHEMBL2181114,C=C1C(=O)OCC1(C(=O)OCC)C(=O)OCC,active,250.0
CHEMBL2181113,C=C1C(=O)OC[C@@H]1C(=O)N1Cc2cc3ccccc3nc2C1,active,600.0
CHEMBL2205766,CC(C)(C)NS(=O)(=O)c1cncc(-c2ccn3nc(N)nc3c2)c1,inactive,10000.0
CHEMBL2325697,C[C@@H]1COCCN1c1cc(C2(S(C)(=O)=O)CC2)nc(-c2cccc3[nH]ccc23)n1,inactive,30000.0
CHEMBL2396661,Cc1nc(NC(=O)N2CCC[C@H]2C(N)=O)sc1-c1ccnc(C(C)(C)C(F)(F)F)c1,inactive,10000.0
CHEMBL98350,O=c1cc(N2CCOCC2)oc2c(-c3ccccc3)cccc12,inactive,10000.0
CHEMBL1086377,CCN1CCN(CC(=O)Nc2ccc(-c3cccc4c(=O)cc(N5CCOCC5)oc34)c3sc4ccccc4c23)CC1,inactive,10000.0
CHEMBL188678,O=c1cc(N2CCOCC2)oc2c(-c3cccc4c3sc3ccccc34)cccc12,inactive,10000.0
CHEMBL3355072,C[C@@H]1Cn2ncc(-c3ccc(S(C)(=O)=O)cc3)c2CN1c1ccnc2[nH]ccc12,active,130.0
CHEMBL3355073,C[C@@H]1Cn2ncc(C3CCN(S(C)(=O)=O)CC3)c2CN1c1ccnc2[nH]ccc12,inactive,14000.0
CHEMBL3355074,C[C@@H]1Cn2ncc(C3CCN(S(C)(=O)=O)CC3)c2CN1c1cc(Cl)nc2[nH]ccc12,intermediate,4300.0
CHEMBL3355480,C[C@@H]1COCCN1c1nc(-c2nncc3[nH]ccc23)cc2c1ncn2C,inactive,15000.0
CHEMBL3334621,CC(C)(C#N)c1ccc(N2C(=O)OCc3cnc4ccc(-c5cnc6ccccc6c5)cc4c32)cc1,active,36.0
CHEMBL2140173,C[C@H]1CN(CC(=O)Nc2ccc3c(c2)Cc2cccc(-c4cc(=O)cc(N5CCOCC5)o4)c2S3)C[C@@H](C)O1,active,6.0
CHEMBL3586573,CCN1C(=O)CNc2ncc(-c3ccc(-c4nc[nH]n4)nc3C)nc21,inactive,30000.0
CHEMBL3763978,Nc1nc(-c2ccc(Cl)cc2)nn1-c1ncnc2ccccc12,inactive,40000.0
CHEMBL3763564,COc1ccc(-c2nc(N)n(-c3ncnc4ccccc34)n2)cc1,inactive,40000.0
CHEMBL3764187,Nc1nc(-c2ccccn2)nn1-c1ncnc2ccccc12,inactive,40000.0
CHEMBL3765365,Nc1nc(-c2ccccc2)nn1-c1ncnc2ccccc12,inactive,40000.0
CHEMBL2143829,COc1cc2ncnc(-n3nc(-c4ccccn4)nc3N)c2cc1OC,active,400.0
CHEMBL222102,O=c1cc(-c2cccc3c2Sc2ccccc2S3)oc(N2CCOCC2)c1,active,300.0
CHEMBL3764626,COc1cc2ncnc(-n3nc(-c4ccccn4)nc3N)c2cc1OCCCNC(=O)C(F)(F)F,intermediate,2900.0
CHEMBL3765095,COc1cc2ncnc(-n3nc(-c4ccccn4)nc3N)c2cc1OCCCNC(=O)OCC(C)(C)C,intermediate,1900.0
CHEMBL3765248,COc1cc2ncnc(-n3nc(-c4ccccn4)nc3N)c2cc1OCCCNC(=O)Oc1ccccc1,inactive,23500.0
CHEMBL3763843,CCCCCCOC(=O)NCCCOc1cc2c(-n3nc(-c4ccccn4)nc3N)ncnc2cc1OC,inactive,28600.0
CHEMBL3764022,COc1cc2ncnc(-n3nc(-c4ccccn4)nc3N)c2cc1OCCCNC(=O)OCC(F)(F)F,intermediate,1200.0
CHEMBL3764768,COc1cc2ncnc(-n3nc(-c4ccccn4)nc3N)c2cc1OCCCNC(=O)OC(C)C,active,1000.0
CHEMBL3765373,CCOC(=O)NCCCOc1cc2c(-n3nc(-c4ccccn4)nc3N)ncnc2cc1OC,active,800.0
CHEMBL3763939,COc1cc2ncnc(-n3nc(-c4ccccn4)nc3N)c2cc1OCCNC(=O)OC(C)(C)C,active,800.0
CHEMBL3764231,COc1cc2ncnc(-n3nc(-c4ccccn4)nc3N)c2cc1OCCCCNC(=O)OC(C)(C)C,active,800.0
CHEMBL3763565,COc1cc2ncnc(-n3nc(-c4ccccn4)nc3N)c2cc1OCCCNC(=O)OC(C)(C)C,active,900.0
CHEMBL3764983,COc1cc2ncnc(-n3nc(-c4ccccn4)nc3N)c2cc1OCCCNC(=O)CN1C[C@H](C)O[C@H](C)C1,intermediate,1700.0
CHEMBL3763327,CCN(CC)C(=O)COc1cc2c(-n3nc(-c4ccccn4)nc3N)ncnc2cc1OC,intermediate,5300.0
CHEMBL3763358,COCCOc1cc2c(-n3nc(-c4ccccn4)nc3N)ncnc2cc1OC,intermediate,1200.0
CHEMBL3763863,COc1cc2ncnc(-n3nc(-c4ccccn4)nc3N)c2cc1OCCCN1CC(C)OC(C)C1,intermediate,1600.0
CHEMBL3763259,COc1cc2ncnc(-n3nc(-c4ccccn4)nc3N)c2cc1OCCN1CCC(C)CC1,intermediate,1700.0
CHEMBL3764577,COc1cc2ncnc(-n3nc(-c4ccccn4)nc3N)c2cc1OCCN1CCCCC1,intermediate,5600.0
CHEMBL3763333,COc1cc2ncnc(-n3nc(-c4ccccn4)nc3N)c2cc1OCCN1CCCC1,intermediate,2700.0
CHEMBL3765728,COc1cc2ncnc(-n3nc(-c4ccccn4)nc3N)c2cc1OCCN(C(C)C)C(C)C,intermediate,6100.0
CHEMBL3765428,COc1cc2ncnc(-n3nc(-c4ccccn4)nc3N)c2cc1OCCCN(C)C,intermediate,6600.0
CHEMBL3765543,COc1cc2c(-n3nc(-c4ccccn4)nc3N)ncnc2cc1OCCCN1CCOCC1,inactive,40000.0
CHEMBL3764051,COc1cc2ncnc(-n3nc(-c4ccccn4)nc3N)c2cc1OCCCN1CCOCC1,intermediate,2200.0
CHEMBL3764505,COc1cc2c(-n3nc(-c4ccccn4)nc3N)ncnc2cc1O,inactive,40000.0
CHEMBL3764560,COc1cc2c(-n3nc(-c4ccccn4)nc3N)ncnc2cc1OCc1ccccc1,inactive,40000.0
CHEMBL3764148,COc1cc2ncnc(-n3nc(-c4ccccn4)nc3N)c2cc1O,inactive,12600.0
CHEMBL3763312,COc1cc2ncnc(-n3nc(-c4ccccn4)nc3N)c2cc1OCc1ccccc1,intermediate,8600.0
CHEMBL3763908,COc1cc2ncnc(-n3nc(N)nc3N)c2cc1OC,inactive,40000.0
CHEMBL3764371,COc1cc2ncnc(-n3ncc(-c4ccccn4)c3N)c2cc1OC,intermediate,2400.0
CHEMBL3763771,COc1cc2ncnc(-n3nc(-c4ccc(Cl)cc4)cc3N)c2cc1OC,inactive,40000.0
CHEMBL3763450,COc1cc2ncnc(-n3nc(-c4ccc(C)cc4)cc3N)c2cc1OC,inactive,40000.0
CHEMBL3765799,COc1cc2ncnc(-n3nc(-c4ccccc4)cc3N)c2cc1OC,inactive,20600.0
CHEMBL3764372,COc1cc2ncnc(-n3nc(-c4ccccn4)cc3N)c2cc1OC,intermediate,1600.0
CHEMBL3763556,COc1cc2ncnc(-n3ncc(-c4ccccn4)n3)c2cc1OC,inactive,13300.0
CHEMBL3763767,COc1cc2ncnc(-n3cnc(-c4ccccn4)n3)c2cc1OC,intermediate,5300.0
CHEMBL3764259,COc1cc2ncnc(Nc3ccc(-c4ccccn4)cc3)c2cc1OC,inactive,12500.0
CHEMBL3765767,COc1cc2ncnc(Nc3ccccn3)c2cc1OC,inactive,40000.0
CHEMBL1739206,COc1cc2ncnc(NCc3ccccn3)c2cc1OC,inactive,40000.0
CHEMBL3764633,COc1cc2nc(N)nc(-n3nc(-c4ccccn4)nc3N)c2cc1OC,intermediate,2100.0
CHEMBL3765535,COc1cc2nc(-c3ccccc3)nc(-n3nc(-c4ccccn4)nc3N)c2cc1OC,inactive,40000.0
CHEMBL3765484,COc1cc2nc(C)nc(-n3nc(-c4ccccn4)nc3N)c2cc1OC,inactive,10100.0
CHEMBL3764969,CCN(CC)c1nc(-n2nc(-c3ccccn3)nc2N)c2cc(OC)c(OC)cc2n1,inactive,40000.0
CHEMBL3764110,COc1cc2nc(NCC(=O)O)nc(-n3nc(-c4ccccn4)nc3N)c2cc1OC,inactive,40000.0
CHEMBL3765378,CCOC(=O)CNc1nc(-n2nc(-c3ccccn3)nc2N)c2cc(OC)c(OC)cc2n1,inactive,40000.0
CHEMBL3765032,COc1cc2nc(N3CCN(CCO)CC3)nc(-n3nc(-c4ccccn4)nc3N)c2cc1OC,inactive,40000.0
CHEMBL3763930,COc1cc2nc(N3CCN(C)CC3)nc(-n3nc(-c4ccccn4)nc3N)c2cc1OC,inactive,40000.0
CHEMBL3765727,COc1cc2nc(N3CCOCC3)nc(-n3nc(-c4ccccn4)nc3N)c2cc1OC,inactive,40000.0
CHEMBL3763896,COc1cc2nc(Cl)nc(-n3nc(-c4ccccn4)nc3N)c2cc1OC,inactive,40000.0
CHEMBL3764300,COCCOc1cc2ncnc(-n3nc(-c4ccccn4)nc3N)c2cc1OCCOC,intermediate,2300.0
CHEMBL3763268,Nc1nc(-c2ccccn2)nn1-c1ncnc2cc(OCC3CC3)c(OCC3CC3)cc12,inactive,40000.0
CHEMBL3763872,COc1cc2ncnc(-n3nc(C4CCCCC4)nc3N)c2cc1OC,inactive,40000.0
CHEMBL3763904,COc1cc2ncnc(-n3nc(-c4ccc(Cl)cc4)nc3N)c2cc1OC,inactive,40000.0
CHEMBL3763579,COc1ccc(-c2nc(N)n(-c3ncnc4cc(OC)c(OC)cc34)n2)cc1,inactive,40000.0
CHEMBL3763603,COc1cc2ncnc(-n3nc(-c4ccccc4)nc3N)c2cc1OC,intermediate,2000.0
CHEMBL3765732,COc1cc2ncnc(-n3nc(-c4ccncc4)nc3N)c2cc1OC,intermediate,5000.0
CHEMBL3763903,COc1cc2ncnc(-n3nc(-c4cccnc4)nc3N)c2cc1OC,inactive,15000.0
CHEMBL3765342,Nc1nc(-c2ccccn2)nn1-c1ncnc2cc3c(cc12)OCCO3,inactive,40000.0
CHEMBL3765296,Nc1nc(-c2ccccn2)nn1-c1ncnc2cc(F)c(F)cc12,inactive,40000.0
CHEMBL3764689,Nc1nc(-c2ccccn2)nn1-c1ncnc2cc(OC(F)(F)F)ccc12,inactive,40000.0
CHEMBL3763403,COc1ccc2ncnc(-n3nc(-c4ccccn4)nc3N)c2c1,inactive,16900.0
CHEMBL3763586,Nc1nc(-c2ccccn2)nn1-c1ncnc2cc(N3CCNCC3)c([N+](=O)[O-])cc12,inactive,40000.0
CHEMBL3764232,COc1cc2ncnc(-n3nc(-c4ccccn4)nc3N)c2cc1N,inactive,40000.0
CHEMBL3764171,COc1cc2ncnc(-n3nc(-c4ccccn4)nc3N)c2cc1[N+](=O)[O-],inactive,31100.0
CHEMBL3765418,Nc1cc2c(-n3nc(-c4ccccn4)nc3N)ncnc2cc1Cl,inactive,40000.0
CHEMBL3764897,Nc1nc(-c2ccccn2)nn1-c1ncnc2cc(Cl)c([N+](=O)[O-])cc12,inactive,40000.0
CHEMBL3764741,Nc1nc(-c2ccc(Cl)cc2)nn1-c1ncnc2cc(Cl)ccc12,inactive,40000.0
CHEMBL3764242,COc1ccc(-c2nc(N)n(-c3ncnc4cc(Cl)ccc34)n2)cc1,inactive,40000.0
CHEMBL3763710,Nc1nc(-c2ccccn2)nn1-c1ncnc2cc(Cl)ccc12,inactive,40000.0
CHEMBL3763436,Nc1nc(-c2ccccc2)nn1-c1ncnc2cc(Cl)ccc12,inactive,40000.0
CHEMBL222102,O=c1cc(-c2cccc3c2Sc2ccccc2S3)oc(N2CCOCC2)c1,active,250.0
CHEMBL3765783,C[C@H]1CN(CC(=O)Nc2ccc3c(c2)Sc2cccc(-c4cc(=O)cc(N5CCOCC5)o4)c2S3)C[C@@H](C)O1,active,6.3
CHEMBL1879463,Cn1c(=O)n(-c2ccc(C(C)(C)C#N)cc2)c2c3cc(-c4cnc5ccccc5c4)ccc3ncc21,active,7.0
CHEMBL2143829,COc1cc2ncnc(-n3nc(-c4ccccn4)nc3N)c2cc1OC,active,20.0
CHEMBL222102,O=c1cc(-c2cccc3c2Sc2ccccc2S3)oc(N2CCOCC2)c1,active,13.0
CHEMBL3960662,CN(C)CCCOc1ccc(-c2ccc3ncc4c(c3c2)n(C2CCOCC2)c(=O)n4C)cn1,active,0.575
CHEMBL3936734,CO[C@H]1C[C@@H](n2c(=O)n(C)c3cnc4ccc(-c5ccc(OCCCN(C)C)nc5)cc4c32)C1,active,0.249
CHEMBL3951966,CN(C)CCCOc1ccc(-c2cc3c(cc2F)ncc2c3n(C3(C)CCOCC3)c(=O)n2C)cn1,active,2.03
CHEMBL3924247,CN(C)CCCOc1ccc(-c2ccc3ncc4c(c3c2)n(C2COC2)c(=O)n4C)cn1,active,1.46
CHEMBL3889770,CN(C)CCCOc1ccc(-c2ccc3ncc4c(c3c2)n([C@H]2C[C@@H](O)C2)c(=O)n4C)cn1,active,0.24
CHEMBL3950905,CO[C@H]1C[C@@H](n2c(=O)n(C)c3cnc4cc(F)c(-c5ccc(OCCCN(C)C)nc5)cc4c32)C1,active,1.05
CHEMBL3961688,CN(C)CCCOc1ccc(-c2ccc3ncc4c(c3c2)n(C2(C)CCOCC2)c(=O)n4C)cn1,active,0.96
CHEMBL3986918,CN(C)CCCOc1ccc(-c2cc3c(cc2F)ncc2c3n(C3CCOCC3)c(=O)n2C)cn1,active,0.782
CHEMBL3957991,CN(C)CCCOc1ccc(-c2cc3c(cc2F)ncc2c3n(C3COC3)c(=O)n2C)cn1,active,3.8
CHEMBL4110596,CN(C)CCCOc1ccc(-c2cc3c(cc2F)ncc2c3n([C@@H]3CCCOC3)c(=O)n2C)cn1,active,1.0
CHEMBL3912673,CN(C)CCCOc1ccc(-c2cc3c(cc2F)ncc2c3n([C@H]3CCCOC3)c(=O)n2C)cn1,active,1.14
CHEMBL3898563,CO[C@H]1C[C@@H](n2c(=O)[nH]c3cnc4ccc(-c5ccc(OCCCN(C)C)nc5)cc4c32)C1,active,1.03
CHEMBL3907190,CN(C)CCCOc1ccc(-c2ccc3ncc4[nH]c(=O)n(C5CCOCC5)c4c3c2)cn1,active,3.22
CHEMBL3984179,Cn1c(=O)n([C@H]2C[C@@H](O)C2)c2c3cc(-c4ccc(OCCCN5CCC5)nc4)ccc3ncc21,active,1.05
CHEMBL3898165,Cn1c(=O)n([C@H]2C[C@@H](O)C2)c2c3cc(-c4ccc(OCCCN5CCCC5)nc4)ccc3ncc21,active,0.447
CHEMBL4111966,CN(C)CCCOc1ccc(-c2ccc3ncc4c(c3c2)n([C@@H]2CCCOC2)c(=O)n4C)cn1,active,0.935
CHEMBL3890490,CN(C)CCCOc1ccc(-c2ccc3ncc4c(c3c2)n([C@H]2CCCOC2)c(=O)n4C)cn1,active,0.329
CHEMBL3958682,CO[C@H]1C[C@@H](n2c(=O)n(C)c3cnc4ccc(-c5ccc(OCCCN(C)C)nc5F)cc4c32)C1,active,0.765
CHEMBL3898577,CO[C@H]1C[C@@H](n2c(=O)n(C)c3cnc4cc(F)c(-c5ccc(OCCCN(C)C)nc5F)cc4c32)C1,active,2.62
CHEMBL3935033,CN(C)CCCOc1ccc(-c2ccc3ncc4c(c3c2)n([C@H]2CCCOC2)c(=O)n4C)c(F)n1,active,0.365
CHEMBL3927821,CN(C)CCCOc1ccc(-c2ccc3ncc4c(c3c2)n(C2CCOCC2)c(=O)n4C)c(F)n1,active,0.301
CHEMBL4109764,CN(C)CCCOc1ccc(-c2ccc3ncc4c(c3c2)n([C@@H]2CCCOC2)c(=O)n4C)c(F)n1,active,0.552
CHEMBL3890119,Cn1c(=O)n([C@H]2CCCOC2)c2c3cc(-c4ccc(OCCCN5CCCC5)nc4)c(F)cc3ncc21,active,0.563
CHEMBL4114060,Cn1c(=O)n([C@@H]2CCCOC2)c2c3cc(-c4ccc(OCCCN5CCCC5)nc4)c(F)cc3ncc21,active,0.69
CHEMBL4112870,CO[C@@H]1CC[C@@H](n2c(=O)n(C)c3cnc4ccc(-c5ccc(OCCCN(C)C)nc5)cc4c32)C1,active,0.315
CHEMBL3923182,CO[C@H]1CC[C@H](n2c(=O)n(C)c3cnc4ccc(-c5ccc(OCCCN(C)C)nc5)cc4c32)C1,active,0.152
CHEMBL3895211,CO[C@H]1C[C@@H](n2c(=O)n(C)c3cnc4cc(F)c(-c5ccc(OCCCN6CCCC6)nc5)cc4c32)C1,active,0.418
CHEMBL3936943,CO[C@H]1C[C@@H](n2c(=O)n(C)c3cnc4ccc(-c5ccc(OCCCN6CCCC6)nc5)cc4c32)C1,active,0.176
CHEMBL3947316,Cn1c(=O)n([C@H]2CCCOC2)c2c3cc(-c4ccc(OCCCN5CCCC5)nc4)ccc3ncc21,active,0.238
CHEMBL3963290,Cn1c(=O)n(C2CCOCC2)c2c3cc(-c4ccc(OCCCN5CCCC5)nc4)ccc3ncc21,active,1.12
CHEMBL3932205,Cn1c(=O)n([C@H]2CCCOC2)c2c3cc(-c4ccc(OCCCN5CCCCC5)nc4)ccc3ncc21,active,1.09
CHEMBL4112039,Cn1c(=O)n([C@@H]2CCCOC2)c2c3cc(-c4ccc(OCCCN5CCCCC5)nc4)ccc3ncc21,active,1.78
CHEMBL3960323,CO[C@H]1C[C@@H](n2c(=O)n(C)c3cnc4ccc(-c5ccc(OCCCN6CCCCC6)nc5)cc4c32)C1,active,0.2
CHEMBL4109786,Cn1c(=O)n([C@@H]2CCCOC2)c2c3cc(-c4ccc(OCCCN5CCC5)nc4)ccc3ncc21,active,0.84
CHEMBL3955034,CO[C@H]1C[C@@H](n2c(=O)[nH]c3cnc4ccc(-c5ccc(OCCCN6CCCC6)nc5)cc4c32)C1,active,0.589
CHEMBL3972478,O=c1[nH]c2cnc3ccc(-c4ccc(OCCCN5CCCCC5)nc4)cc3c2n1C1CCOCC1,active,3.01
CHEMBL3946340,Cn1c(=O)n(C2CCOCC2)c2c3cc(-c4ccc(OCCCN5CCCCC5)nc4)ccc3ncc21,active,1.2
CHEMBL3979811,CO[C@H]1C[C@@H](n2c(=O)n(C)c3cnc4ccc(-c5ccc(OCCCN6CCC6)nc5)cc4c32)C1,active,0.292
CHEMBL3912416,Cn1c(=O)n(C2CCOCC2)c2c3cc(-c4ccc(OCCCN5CCC5)nc4)ccc3ncc21,active,1.33
CHEMBL3984782,CNCCCOc1ccc(-c2ccc3ncc4c(c3c2)n(C2CCOCC2)c(=O)n4C)cn1,active,0.567
CHEMBL3890358,CNCCCOc1ccc(-c2ccc3ncc4c(c3c2)n([C@H]2CCCOC2)c(=O)n4C)cn1,active,0.555
CHEMBL3954517,CNCCCOc1ccc(-c2ccc3ncc4c(c3c2)n([C@H]2C[C@@H](OC)C2)c(=O)n4C)cn1,active,0.249
CHEMBL4114155,CNCCCOc1ccc(-c2ccc3ncc4c(c3c2)n([C@@H]2CCCOC2)c(=O)n4C)cn1,active,0.592
CHEMBL4110389,CN(C)CCCOc1ccc(-c2ccc3ncc4c(c3c2)n([C@@H]2CCOC2)c(=O)n4C)cn1,active,1.07
CHEMBL3932222,CN(C)CCCOc1ccc(-c2ccc3ncc4c(c3c2)n([C@H]2CCOC2)c(=O)n4C)cn1,active,0.534
CHEMBL3943165,CN(C)CCCOc1ccc(-c2ccc3ncc4c(c3c2)n(C2CCC2)c(=O)n4C)cn1,active,3.15
CHEMBL3972724,Cn1c(=O)n([C@H]2CCCOC2)c2c3cc(-c4ccc(OCCCN5CCCCC5)nc4)c(F)cc3ncc21,active,0.799
CHEMBL3891448,CN(C)CCCOc1ccc(-c2cc3c(cc2F)ncc2c3n([C@H]3CCCOC3)c(=O)n2C)c(F)n1,active,1.02
CHEMBL3955067,CN(C)CCCOc1ccc(-c2ccc3ncc4c(c3c2)n([C@H]2CCOC2)c(=O)n4C)c(F)n1,active,1.34
CHEMBL4108353,CN(C)CCCOc1ccc(-c2ccc3ncc4c(c3c2)n([C@@H]2CCOC2)c(=O)n4C)c(F)n1,active,1.44
CHEMBL3974856,CN(C)CCCOc1ccc(-c2ccc3ncc4c(c3c2)n(C2CCC2)c(=O)n4C)c(F)n1,active,0.722
CHEMBL3932835,CN(C)CCCOc1ccc(-c2ccc3ncc4c(c3c2)n(C2COC2)c(=O)n4C)c(F)n1,active,4.76
CHEMBL3946515,Cn1c(=O)n(C2CCOCC2)c2c3cc(-c4ccc(OCCCN5CCCCC5)nc4)c(F)cc3ncc21,active,1.1
CHEMBL4110616,Cn1c(=O)n([C@@H]2CCOC2)c2c3cc(-c4ccc(OCCCN5CCCCC5)nc4)ccc3ncc21,active,0.715
CHEMBL3964241,Cn1c(=O)n([C@H]2CCOC2)c2c3cc(-c4ccc(OCCCN5CCCCC5)nc4)ccc3ncc21,active,0.493
CHEMBL3899194,Cn1c(=O)n(C2COC2)c2c3cc(-c4ccc(OCCCN5CCCCC5)nc4)ccc3ncc21,active,3.02
CHEMBL3970378,Cn1c(=O)n(C2CCC2)c2c3cc(-c4ccc(OCCCN5CCCCC5)nc4)ccc3ncc21,active,0.434
CHEMBL3890876,Cn1c(=O)n(C2CCC2)c2c3cc(-c4ccc(OCCCN5CCCC5)nc4)ccc3ncc21,active,0.31
CHEMBL4110135,Cn1c(=O)n([C@@H]2CCCOC2)c2c3cc(-c4ccc(OCCCN5CCCC5)nc4)ccc3ncc21,active,0.233
CHEMBL4109786,Cn1c(=O)n([C@@H]2CCCOC2)c2c3cc(-c4ccc(OCCCN5CCC5)nc4)ccc3ncc21,active,0.765
CHEMBL3906409,Cn1c(=O)n([C@H]2CCCOC2)c2c3cc(-c4ccc(OCCCN5CCCC5)nc4F)ccc3ncc21,active,0.554
CHEMBL4114446,CO[C@@H]1CC[C@@H](n2c(=O)n(C)c3cnc4cc(F)c(-c5ccc(OCCCN(C)C)nc5)cc4c32)C1,active,0.507
CHEMBL3929864,CO[C@H]1CC[C@H](n2c(=O)n(C)c3cnc4cc(F)c(-c5ccc(OCCCN(C)C)nc5)cc4c32)C1,active,0.31
CHEMBL4115552,CO[C@@H]1CC[C@@H](n2c(=O)n(C)c3cnc4ccc(-c5ccc(NCCCN6CCCCC6)nc5)cc4c32)C1,active,0.741
CHEMBL3952396,CO[C@H]1CC[C@H](n2c(=O)n(C)c3cnc4ccc(-c5ccc(NCCCN6CCCCC6)nc5)cc4c32)C1,active,0.22
CHEMBL3904625,CO[C@H]1CC[C@H](n2c(=O)n(C)c3cnc4ccc(-c5ccc(OCCCN6CCCC6)nc5)cc4c32)C1,active,0.334
CHEMBL4108514,CO[C@@H]1CC[C@@H](n2c(=O)n(C)c3cnc4ccc(-c5ccc(OCCCN6CCCC6)nc5)cc4c32)C1,active,0.0525
CHEMBL4115047,CO[C@@H]1CC[C@@H](n2c(=O)n(C)c3cnc4ccc(-c5ccc(OCCCN(C)C)nc5F)cc4c32)C1,active,0.208
CHEMBL3898641,CO[C@H]1CC[C@H](n2c(=O)n(C)c3cnc4ccc(-c5ccc(OCCCN(C)C)nc5F)cc4c32)C1,active,0.324
CHEMBL4110808,CO[C@H]1CC[C@@H](n2c(=O)n(C)c3cnc4cc(F)c(-c5ccc(OCCCN(C)C)nc5)cc4c32)C1,active,2.43
CHEMBL3923162,CO[C@@H]1CC[C@H](n2c(=O)n(C)c3cnc4cc(F)c(-c5ccc(OCCCN(C)C)nc5)cc4c32)C1,active,1.45
CHEMBL3938266,COc1ccc(-c2ccc3ncc4c(c3c2)n(C2CCNCC2)c(=O)n4C)cn1,active,125.0
CHEMBL3967825,COC(=O)N1CCC(n2c(=O)n(C)c3cnc4ccc(-c5ccc(OC)nc5)cc4c32)CC1,active,11.2
CHEMBL3946658,COc1ccc(-c2ccc3ncc4c(c3c2)n(C2CCN(C(C)=O)CC2)c(=O)n4C)cn1,active,26.5
CHEMBL3915261,Cn1c(=O)n(C2CCOCC2)c2c3cc(-c4cnn(CCCO)c4)ccc3ncc21,intermediate,1760.0
CHEMBL3937842,Cn1c(=O)n(C2CNC2)c2c3cc(-c4cnc5[nH]ccc5c4)ccc3ncc21,intermediate,3460.0
CHEMBL3914044,Cn1c(=O)n(C2CC2)c2c3cc(-c4cnc5[nH]ccc5c4)ccc3ncc21,active,135.0
CHEMBL3968419,Cn1c(=O)n(C2CC2)c2c3cc(-c4cnc(N)nc4)ccc3ncc21,active,216.0
CHEMBL3935310,Cn1c(=O)n(C2CCOCC2)c2c3cc(-c4cnc(N)nc4)ccc3ncc21,active,494.0
CHEMBL3970131,COc1ncc(-c2ccc3ncc4c(c3c2)n(C2CC2)c(=O)n4C)cc1NS(=O)(=O)C1CC1,active,74.1
CHEMBL4079746,N#CCN1CCC(n2c(=O)cnc3cnc4ccc(-c5ccc(N)nc5)cc4c32)CC1,active,62.0
CHEMBL4171264,COCc1ccc(-c2cc3c(cc2F)ncc2c3n([C@H]3CC[C@H](OC)CC3)c(=O)n2C)cn1,active,240.0
CHEMBL3898577,CO[C@H]1C[C@@H](n2c(=O)n(C)c3cnc4cc(F)c(-c5ccc(OCCCN(C)C)nc5F)cc4c32)C1,active,2.6
CHEMBL4174323,NC(=O)c1cnc2ccc(-c3cccnc3)cc2c1NC1CCOCC1,active,950.0
CHEMBL4159181,O=c1[nH]c2cnc3ccc(-c4cccnc4)cc3c2n1C1CCOCC1,intermediate,1600.0
CHEMBL4169828,Cn1c(=O)n(C2CCOCC2)c2c3cc(-c4cccnc4)ccc3ncc21,active,360.0
CHEMBL3950905,CO[C@H]1C[C@@H](n2c(=O)n(C)c3cnc4cc(F)c(-c5ccc(OCCCN(C)C)nc5)cc4c32)C1,active,1.1
CHEMBL4173181,CO[C@H]1C[C@@H](n2c(=O)n(C)c3cnc4cc(F)c(-c5ccc(OCCN(C)C)nc5)cc4c32)C1,active,23.0
CHEMBL4172761,CO[C@H]1C[C@@H](n2c(=O)n(C)c3cnc4cc(F)c(-c5ccc(CS(C)(=O)=O)nc5)cc4c32)C1,active,160.0
CHEMBL4164853,CO[C@H]1C[C@@H](n2c(=O)n(C)c3cnc4cc(F)c(-c5ccc(CO)nc5)cc4c32)C1,active,230.0
CHEMBL4161022,CO[C@H]1C[C@@H](n2c(=O)n(C)c3cnc4cc(F)c(-c5ccc(NC(=O)CCCN(C)C)nc5)cc4c32)C1,active,8.2
CHEMBL4171626,CO[C@H]1C[C@@H](n2c(=O)n(C)c3cnc4cc(F)c(-c5ccc(C(=O)NCCN(C)C)nc5)cc4c32)C1,active,130.0
CHEMBL4164430,CO[C@H]1C[C@@H](n2c(=O)n(C)c3cnc4cc(F)c(-c5ccc(N(C)CCN(C)C)nc5)cc4c32)C1,active,230.0
CHEMBL4175071,CO[C@H]1C[C@@H](n2c(=O)n(C)c3cnc4cc(F)c(-c5ccc(NCCN(C)C)nc5)cc4c32)C1,active,6.0
CHEMBL4170883,COCc1ccc(-c2cc3c(cc2F)ncc2c3n([C@@H](C)C3CCOCC3)c(=O)n2C)cn1,active,490.0
CHEMBL3986918,CN(C)CCCOc1ccc(-c2cc3c(cc2F)ncc2c3n(C3CCOCC3)c(=O)n2C)cn1,active,0.78
CHEMBL4162952,COCc1ccc(-c2cc3c(cc2F)ncc2c3n(C3CCOCC3)c(=O)n2C)cn1,active,450.0
CHEMBL4167277,CCC(CC)CNc1c(C(N)=O)cnc2cc(F)c(-c3cnc(NCCN4CCCC4)nc3)cc12,active,8.6
CHEMBL4176135,COCc1ccc(-c2cc3c(cc2F)ncc2c3n([C@H]3C[C@@H](O)C3)c(=O)n2C)cn1,active,140.0
CHEMBL4168290,COCc1ccc(-c2cc3c(cc2F)ncc2c3n([C@H]3C[C@H](OC)C3)c(=O)n2C)cn1,active,160.0
CHEMBL4160664,COCc1ccc(-c2cc3c(cc2F)ncc2c3n([C@H]3C[C@@H](OC)C3)c(=O)n2C)cn1,active,100.0
CHEMBL4159593,CC(C)n1c(=O)n(C2CCOCC2)c2c3cc(-c4cccnc4)ccc3ncc21,inactive,30000.0
CHEMBL3924247,CN(C)CCCOc1ccc(-c2ccc3ncc4c(c3c2)n(C2COC2)c(=O)n4C)cn1,active,1.5
CHEMBL3936734,CO[C@H]1C[C@@H](n2c(=O)n(C)c3cnc4ccc(-c5ccc(OCCCN(C)C)nc5)cc4c32)C1,active,0.25
CHEMBL3958682,CO[C@H]1C[C@@H](n2c(=O)n(C)c3cnc4ccc(-c5ccc(OCCCN(C)C)nc5F)cc4c32)C1,active,0.76
CHEMBL3954517,CNCCCOc1ccc(-c2ccc3ncc4c(c3c2)n([C@H]2C[C@@H](OC)C2)c(=O)n4C)cn1,active,0.25
CHEMBL3979811,CO[C@H]1C[C@@H](n2c(=O)n(C)c3cnc4ccc(-c5ccc(OCCCN6CCC6)nc5)cc4c32)C1,active,0.29
CHEMBL3936943,CO[C@H]1C[C@@H](n2c(=O)n(C)c3cnc4ccc(-c5ccc(OCCCN6CCCC6)nc5)cc4c32)C1,active,0.17
CHEMBL3960323,CO[C@H]1C[C@@H](n2c(=O)n(C)c3cnc4ccc(-c5ccc(OCCCN6CCCCC6)nc5)cc4c32)C1,active,0.2
CHEMBL4173494,CO[C@H]1C[C@@H](n2c(=O)n(C)c3cnc4ccc(-c5ccc(OCCCN6CCOCC6)nc5)cc4c32)C1,inactive,28000.0
CHEMBL4176012,CO[C@H]1C[C@@H](n2c(=O)n(C)c3cnc4ccc(-c5ccc(OCCCN6CCC(O)CC6)nc5)cc4c32)C1,inactive,27000.0
CHEMBL3972724,Cn1c(=O)n([C@H]2CCCOC2)c2c3cc(-c4ccc(OCCCN5CCCCC5)nc4)c(F)cc3ncc21,active,1.1
CHEMBL3890490,CN(C)CCCOc1ccc(-c2ccc3ncc4c(c3c2)n([C@H]2CCCOC2)c(=O)n4C)cn1,active,0.33
CHEMBL4111966,CN(C)CCCOc1ccc(-c2ccc3ncc4c(c3c2)n([C@@H]2CCCOC2)c(=O)n4C)cn1,active,0.94
CHEMBL3889770,CN(C)CCCOc1ccc(-c2ccc3ncc4c(c3c2)n([C@H]2C[C@@H](O)C2)c(=O)n4C)cn1,active,0.24
CHEMBL4167508,COCc1ccc(-c2ccc3ncc4c(c3c2)n(C2CCOCC2)c(=O)n4C)cn1,active,370.0
CHEMBL3946515,Cn1c(=O)n(C2CCOCC2)c2c3cc(-c4ccc(OCCCN5CCCCC5)nc4)c(F)cc3ncc21,active,1.2
CHEMBL3960662,CN(C)CCCOc1ccc(-c2ccc3ncc4c(c3c2)n(C2CCOCC2)c(=O)n4C)cn1,active,0.57
CHEMBL3960662,CN(C)CCCOc1ccc(-c2ccc3ncc4c(c3c2)n(C2CCOCC2)c(=O)n4C)cn1,active,0.04
CHEMBL4162142,Cn1c(=O)n(C2CCOCC2)c2c3cc(-c4ccc(OCCC[N+](C)(C)[O-])nc4)ccc3ncc21,active,5.0
CHEMBL4163629,CN(C)CCCOc1ccc(-c2ccc3ncc4c(c3n2)n(C2CCOCC2)c(=O)n4C)cn1,active,1.7
CHEMBL4172819,CN(C)CCCOc1ccc(-c2ccc3nnc4c(c3c2)n(C2CCOCC2)c(=O)n4C)cn1,active,22.0
CHEMBL4159350,CN1CCN(CCC(=O)Nc2ccc3c(c2)Sc2cccc(-c4cc(=O)cc(N5CCOCC5)o4)c2S3)CC1,active,3.0
CHEMBL4218734,COCc1ccc(-c2ccc3ncc(C(N)=O)c(N[C@@H](C)C4CCOCC4)c3c2)cn1,active,46.0
CHEMBL4166405,COCc1ccc(-c2cc3c(N[C@@H](C)c4ccn(C)n4)c(C(N)=O)cnc3cc2F)cn1,active,33.0
CHEMBL4215266,COCc1ccc(-c2cc3c(N[C@@H](C)c4nn(C)cc4C)c(C(N)=O)cnc3cc2F)cn1,active,10.0
CHEMBL4209427,COCc1ccc(-c2ccc3nnc(C(N)=O)c(N[C@@H](C)C4CCOCC4)c3c2)cn1,active,140.0
CHEMBL4210849,COCc1ccc(-c2ccc3nnc(C(N)=O)c(N[C@@H](C)c4ccn(C)n4)c3c2)cn1,active,260.0
CHEMBL4216325,COCc1ccc(-c2ccc3nnc(C(N)=O)c(N[C@@H](C)c4nn(C)cc4C)c3c2)cn1,active,44.0
CHEMBL4205554,CNC(=O)c1nnc2ccc(-c3ccc(COC)nc3)cc2c1N[C@@H](C)C1CCOCC1,active,330.0
CHEMBL4217549,C[C@H](Nc1c(C(N)=O)nnc2ccc(-c3ccc(OCCCN(C)C)nc3)cc12)C1CCOCC1,active,1.9
CHEMBL4217902,C[C@H](Nc1c(C(N)=O)nnc2ccc(-c3ccc(OCCCN(C)C)nc3)cc12)c1ccn(C)n1,active,3.9
CHEMBL4212961,Cc1cn(C)nc1[C@H](C)Nc1c(C(N)=O)nnc2ccc(-c3ccc(OCCCN(C)C)nc3)cc12,active,0.9
CHEMBL4213503,C[C@H](Nc1c(C(N)=O)nnc2ccc(-c3ccc(OCCCN4CCCC4)nc3)cc12)C1CCOCC1,active,1.8
CHEMBL4208569,C[C@H](Nc1c(C(N)=O)nnc2ccc(-c3ccc(OCCCN4CCCC4)nc3)cc12)c1ccn(C)n1,active,1.1
CHEMBL4210045,Cc1cn(C)nc1[C@H](C)Nc1c(C(N)=O)nnc2ccc(-c3ccc(OCCCN4CCCC4)nc3)cc12,active,0.5
CHEMBL4205148,C[C@H](Nc1c(C(N)=O)nnc2ccc(-c3ccc(OCCN(C)C)nc3)cc12)c1ccn(C)n1,active,35.0
CHEMBL4205675,CNC(=O)c1nnc2ccc(-c3ccc(OCCN(C)C)nc3)cc2c1N[C@@H](C)C1CCOCC1,active,49.0
CHEMBL4217379,C[C@H](Nc1c(C(N)=O)nnc2ccc(-c3ccc(NCCN(C)C)nc3)cc12)C1CCOCC1,active,61.0
CHEMBL4218854,CNC(=O)c1nnc2ccc(-c3ccc(OCCCN(C)C)nc3)cc2c1N[C@@H](C)C1CCOCC1,active,2.8
CHEMBL4213919,CNC(=O)c1nnc2ccc(-c3ccc(OCCCN(C)C)nc3)cc2c1N[C@@H](C)c1nn(C)cc1C,active,3.9
CHEMBL4217549,C[C@H](Nc1c(C(N)=O)nnc2ccc(-c3ccc(OCCCN(C)C)nc3)cc12)C1CCOCC1,active,0.29
CHEMBL4218854,CNC(=O)c1nnc2ccc(-c3ccc(OCCCN(C)C)nc3)cc2c1N[C@@H](C)C1CCOCC1,active,0.7
CHEMBL2325697,C[C@@H]1COCCN1c1cc(C2(S(C)(=O)=O)CC2)nc(-c2cccc3[nH]ccc23)n1,inactive,30000.0
CHEMBL4285417,C[C@@H]1COCCN1c1cc(C2([S@](C)(=N)=O)CC2)nc(-c2cc[nH]c3nccc2-3)n1,inactive,30000.0
CHEMBL4281240,C[C@@H]1COCCN1c1cc(C2(S(C)(=O)=O)CC2)nc(-c2cncc3[nH]ccc23)n1,inactive,30000.0
CHEMBL4291436,CNc1nc2ccccc2n1-c1nc(N2CCOC[C@H]2C)cc(C2(S(C)(=O)=O)CC2)n1,inactive,30000.0
CHEMBL3648329,CNc1nc2ccccc2n1-c1nc(N2CCOC[C@H]2C)cc(C2([S@](C)(=N)=O)CC2)n1,inactive,30000.0
CHEMBL4438748,CN(C)c1ccc(C(=O)Nc2cccc(NC(=O)COc3ccc4c(=O)ccoc4c3)c2)cc1,inactive,10000.0
CHEMBL4518369,C[C@H]1COCCN1c1nc(N2CCOC[C@H]2C)c2nc(-c3cc[nH]n3)sc2n1,active,20.0
CHEMBL4439259,Cc1cc2ncnn2cc1Nc1ncc2c(n1)n(C1CCOCC1)c(=O)n2C,inactive,17900.0
CHEMBL4574647,CCC(CC)CNc1c(C(N)=O)c(C)nc2ccc(-c3cccnc3)cc12,inactive,30000.0
CHEMBL4576302,CCC(CC)CNc1c(C(N)=O)cnc2ccc(-c3ccc(CS(C)(=O)=O)nc3)cc12,active,39.0
CHEMBL4560522,CCC(CC)CNc1c(C(N)=O)cnc2ccc(-c3ccc(COC)nc3)cc12,active,45.0
CHEMBL4588822,CCC(CC)CNc1c(C(N)=O)cnc2ccc(-c3ccc(CO)nc3)cc12,active,87.0
CHEMBL4519670,CCC(CC)CNc1c(C(N)=O)cnc2ccc(-c3ccc(CS(C)(=O)=O)cc3)cc12,active,70.0
CHEMBL4551177,CCC(CC)CNc1c(C(N)=O)cnc2ccc(-c3ccc(COC)cc3)cc12,active,373.0
CHEMBL4567042,CCC(CC)CNc1c(C(N)=O)cnc2ccc(-c3ccc(C)nc3)cc12,active,50.0
CHEMBL4585489,CCC(CC)CNc1c(C(N)=O)cnc2ccc(-c3cncnc3)cc12,intermediate,1840.0
CHEMBL4535526,CCC(CC)CNc1c(C(N)=O)cnc2ccc(-c3ccnnc3)cc12,active,908.0
CHEMBL4585977,CCC(CC)CNc1c(C(N)=O)cnc2ccc(-c3cccnn3)cc12,active,571.0
CHEMBL4569880,CCC(CC)CNc1c(C(N)=O)cnc2ccc(-c3ccncc3)cc12,active,418.0
CHEMBL4591401,C[C@H](Nc1c(C(N)=O)cnc2ccc(-c3cccnc3)cc12)c1ccn(C)n1,active,124.0
CHEMBL4552140,C[C@@H](Nc1c(C(N)=O)cnc2ccc(-c3cccnc3)cc12)c1ccn(C)n1,intermediate,1130.0
CHEMBL4548199,C[C@H](Nc1c(C(N)=O)cnc2ccc(-c3cccnc3)cc12)C1CCOCC1,active,168.0
CHEMBL4544394,C[C@@H](Nc1c(C(N)=O)cnc2ccc(-c3cccnc3)cc12)C1CCOCC1,active,730.0
CHEMBL4531643,NC(=O)c1cnc2ccc(-c3cccnc3)cc2c1NCC1CCOCC1,intermediate,3230.0
CHEMBL4550293,NC(=O)c1cnc2ccc(-c3cccnc3)cc2c1NCC1CCCCC1,active,456.0
CHEMBL4174323,NC(=O)c1cnc2ccc(-c3cccnc3)cc2c1NC1CCOCC1,active,954.0
CHEMBL4514524,NC(=O)c1cnc2ccc(-c3cccnc3)cc2c1NC1CCCCC1,active,132.0
CHEMBL4581380,NC(=O)c1cnc2ccc(-c3cccnc3)cc2c1SC1CCCC1,intermediate,9700.0
CHEMBL4578468,NC(=O)c1cnc2ccc(-c3cccnc3)cc2c1NC1CCCC1,active,137.0
CHEMBL4576684,CCC(CC)COc1c(C(N)=O)cnc2ccc(-c3cccnc3)cc12,inactive,30000.0
CHEMBL4543897,CCC(CC)CNc1c(C(N)=O)cnc2ccc(-c3cccnc3)cc12,active,73.0
CHEMBL4568247,CNC(=O)c1cnc2ccc(-c3cccnc3)cc2c1N[C@H](C)c1ccc(Cl)cc1,inactive,30000.0
CHEMBL4589441,C[C@@H](Nc1c(C(=O)O)cnc2ccc(-c3cccnc3)cc12)c1ccc(Cl)cc1,inactive,30000.0
CHEMBL4567252,C[C@@H](Nc1ccnc2ccc(-c3cccnc3)cc12)c1ccc(Cl)cc1,inactive,30000.0
CHEMBL4565988,C[C@@H](Nc1c(C(N)=O)cnc2ccc(-c3cccnc3)cc12)c1ccc(Cl)cc1,active,109.0
CHEMBL4527822,C[C@@H](Nc1c(C(N)=O)cnc2ccc(C#N)cc12)c1ccc(Cl)cc1,inactive,14400.0
CHEMBL4593348,CCC(CC)CNc1c(C(N)=O)cnc2ccc(C#N)cc12,active,820.0
CHEMBL2143829,COc1cc2ncnc(-n3nc(-c4ccccn4)nc3N)c2cc1OC,intermediate,3420.0
CHEMBL4569967,O=c1cc(-c2cccc3c2Sc2ccccc2C3)oc(N2CCOCC2)c1,active,149.0
CHEMBL222102,O=c1cc(-c2cccc3c2Sc2ccccc2S3)oc(N2CCOCC2)c1,intermediate,1220.0
CHEMBL4166405,COCc1ccc(-c2cc3c(N[C@@H](C)c4ccn(C)n4)c(C(N)=O)cnc3cc2F)cn1,active,0.6
CHEMBL4218734,COCc1ccc(-c2ccc3ncc(C(N)=O)c(N[C@@H](C)C4CCOCC4)c3c2)cn1,active,1.2
CHEMBL4565988,C[C@@H](Nc1c(C(N)=O)cnc2ccc(-c3cccnc3)cc12)c1ccc(Cl)cc1,active,2.0
CHEMBL4527822,C[C@@H](Nc1c(C(N)=O)cnc2ccc(C#N)cc12)c1ccc(Cl)cc1,active,49.0
CHEMBL4593348,CCC(CC)CNc1c(C(N)=O)cnc2ccc(C#N)cc12,active,8.0
CHEMBL2143829,COc1cc2ncnc(-n3nc(-c4ccccn4)nc3N)c2cc1OC,active,21.0
CHEMBL4569967,O=c1cc(-c2cccc3c2Sc2ccccc2C3)oc(N2CCOCC2)c1,active,0.8
CHEMBL222102,O=c1cc(-c2cccc3c2Sc2ccccc2S3)oc(N2CCOCC2)c1,active,2.0
CHEMBL4543599,CCC(CC)CNc1c(C(N)=O)cnc2c(C)cc(-c3cccnc3)cc12,intermediate,6000.0
CHEMBL4532124,NC(=O)c1cnc2ccc(-c3cccnc3)c(F)c2c1NC1CCOCC1,inactive,30000.0
CHEMBL4540906,NC(=O)c1cnc2cc(F)c(-c3cccnc3)cc2c1NC1CCOCC1,active,606.0
CHEMBL4543236,NC(=O)c1cnc2cc(Cl)c(-c3cccnc3)cc2c1NC1CCOCC1,intermediate,3250.0
CHEMBL4584911,NC(=O)c1cnc2c(F)cc(-c3cccnc3)cc2c1NC1CCOCC1,inactive,30000.0
CHEMBL4536989,NC(=O)c1cnc2c(Cl)cc(-c3cccnc3)cc2c1NC1CCOCC1,inactive,30000.0
CHEMBL4218734,COCc1ccc(-c2ccc3ncc(C(N)=O)c(N[C@@H](C)C4CCOCC4)c3c2)cn1,active,46.0
CHEMBL4533539,COCc1ccc(-c2cc3c(N[C@@H](C)C4CCOCC4)c(C(N)=O)cnc3cc2F)cn1,active,52.0
CHEMBL4166405,COCc1ccc(-c2cc3c(N[C@@H](C)c4ccn(C)n4)c(C(N)=O)cnc3cc2F)cn1,active,33.0
CHEMBL4548927,COCc1ccc(-c2ccc3ncc(C(N)=O)c(N[C@@H](C)c4ccn(C)n4)c3c2)c(F)n1,active,63.0
CHEMBL4563993,COCc1ccc(-c2cc3c(N[C@@H](C)c4ccn(C)n4)c(C(N)=O)cnc3cc2F)c(F)n1,active,73.0
CHEMBL4517663,COCc1ccc(-c2cc3c(N[C@@H](C)c4nn(C)cc4F)c(C(N)=O)cnc3cc2F)cn1,active,19.0
CHEMBL4215266,COCc1ccc(-c2cc3c(N[C@@H](C)c4nn(C)cc4C)c(C(N)=O)cnc3cc2F)cn1,active,10.0
CHEMBL4549865,CCC(CC)CNc1c(C(N)=O)cnc2ccc(-c3cnn(C)c3)cc12,active,525.0
CHEMBL4647810,C[C@@H]1COCCN1c1cc(-c2ccnn2C)c2ccnc(-c3ccn[nH]3)c2n1,intermediate,1420.0
CHEMBL222102,O=c1cc(-c2cccc3c2Sc2ccccc2S3)oc(N2CCOCC2)c1,active,13.0
CHEMBL2140173,C[C@H]1CN(CC(=O)Nc2ccc3c(c2)Cc2cccc(-c4cc(=O)cc(N5CCOCC5)o4)c2S3)C[C@@H](C)O1,active,6.0
CHEMBL2143829,COc1cc2ncnc(-n3nc(-c4ccccn4)nc3N)c2cc1OC,active,480.0
CHEMBL2140173,C[C@H]1CN(CC(=O)Nc2ccc3c(c2)Cc2cccc(-c4cc(=O)cc(N5CCOCC5)o4)c2S3)C[C@@H](C)O1,active,20.0
CHEMBL4792283,O=C(CN1CCCC1)Nc1ccc2c(c1)Cc1cccc(-c3cc(=O)cc(N4CCOCC4)o3)c1S2,active,10.0
CHEMBL4794627,O=C(Nc1ccc2c(c1)Cc1cccc(-c3cc(=O)cc(N4CCOCC4)o3)c1S2)C1CC1,active,0.6
CHEMBL4790714,CC(=O)Nc1ccc2c(c1)Cc1cccc(-c3cc(=O)cc(N4CCOCC4)o3)c1S2,active,0.6
CHEMBL4763842,CC1(CNc2ccc3c(c2)Cc2cccc(-c4cc(=O)cc(N5CCOCC5)o4)c2S3)COC1,active,0.5
CHEMBL4744385,CC(=O)N(C)c1ccc2c(c1)Cc1cccc(-c3cc(=O)cc(N4CCOCC4)o3)c1S2,active,16.0
CHEMBL4792737,COc1ccc2c(c1)Cc1cccc(-c3cc(=O)cc(N4CCOCC4)o3)c1S2,active,5.0
CHEMBL4792191,O=c1cc(-c2cccc3c2Sc2ccc(O)cc2C3)oc(N2CCOCC2)c1,active,0.5
CHEMBL4763108,O=c1cc(-c2cccc3c2Sc2ccc(OCCN4C[C@H]5C[C@@H]4CO5)cc2C3)oc(N2CCOCC2)c1,active,0.5
CHEMBL4783324,O=c1cc(-c2cccc3c2Sc2ccc(OCCN4CCC(F)(F)CC4)cc2C3)oc(N2CCOCC2)c1,active,0.7
CHEMBL4756577,O=c1cc(-c2cccc3c2Sc2ccc(OCCN4CCCC45CCOC5)cc2C3)oc(N2CCOCC2)c1,active,1.4
CHEMBL4748079,O=c1cc(-c2cccc3c2Sc2ccc(OCCN4CCC(F)(F)C4)cc2C3)oc(N2CCOCC2)c1,active,0.5
CHEMBL4786685,O=c1cc(-c2cccc3c2Sc2ccc(OCCN4CC(F)C4)cc2C3)oc(N2CCOCC2)c1,active,0.6
CHEMBL4791332,CC(C)(O)C1CCN(CCOc2ccc3c(c2)Cc2cccc(-c4cc(=O)cc(N5CCOCC5)o4)c2S3)CC1,active,3.0
CHEMBL4777914,CN1CCN(CCOc2ccc3c(c2)Cc2cccc(-c4cc(=O)cc(N5CCOCC5)o4)c2S3)CC1,active,0.7
CHEMBL4788241,C[C@H]1CN(CCOc2ccc3c(c2)Cc2cccc(-c4cc(=O)cc(N5CCOCC5)o4)c2S3)C[C@@H](C)O1,active,0.5
CHEMBL4797110,C[C@@H](CN1C[C@H]2C[C@@H]1CO2)Oc1ccc2c(c1)Cc1cccc(-c3cc(=O)cc(N4CCOCC4)o3)c1S2,active,1.0
CHEMBL4754219,C[C@@H](CN1C[C@H](C)O[C@H](C)C1)Oc1ccc2c(c1)Cc1cccc(-c3cc(=O)cc(N4CCOCC4)o3)c1S2,active,2.0
CHEMBL4794132,C[C@H]1CN(C[C@@H](C)Oc2ccc3c(c2)Cc2cccc(-c4cc(=O)cc(N5CCOCC5)o4)c2S3)C[C@@H](C)O1,active,2.0
CHEMBL4759581,C[C@@H](CN1CCOC2(CC2)C1)Oc1ccc2c(c1)Cc1cccc(-c3cc(=O)cc(N4CCOCC4)o3)c1S2,active,2.0
CHEMBL4751373,C[C@@H](CN1CCOCC12COC2)Oc1ccc2c(c1)Cc1cccc(-c3cc(=O)cc(N4CCOCC4)o3)c1S2,active,1.0
CHEMBL4787824,C[C@@H](CN1CCCC12COC2)Oc1ccc2c(c1)Cc1cccc(-c3cc(=O)cc(N4CCOCC4)o3)c1S2,active,30.0
CHEMBL4745255,C[C@H](CN1CCOCC1)Oc1ccc2c(c1)Cc1cccc(-c3cc(=O)cc(N4CCOCC4)o3)c1S2,active,0.6
CHEMBL4742203,C[C@@H](CN1CCOCC1)Oc1ccc2c(c1)Cc1cccc(-c3cc(=O)cc(N4CCOCC4)o3)c1S2,active,1.0
CHEMBL4797559,C[C@H](COc1ccc2c(c1)Cc1cccc(-c3cc(=O)cc(N4CCOCC4)o3)c1S2)N1CCOCC1,active,1.0
CHEMBL4784220,C[C@@H](COc1ccc2c(c1)Cc1cccc(-c3cc(=O)cc(N4CCOCC4)o3)c1S2)N1CCOCC1,active,0.7
CHEMBL4788818,CN1CC[C@@H](Oc2ccc3c(c2)Cc2cccc(-c4cc(=O)cc(N5CCOCC5)o4)c2S3)C1,active,3.0
CHEMBL4783168,O=c1cc(-c2cccc3c2Sc2ccc(O[C@@H]4CCN(CC(F)F)C4)cc2C3)oc(N2CCOCC2)c1,active,20.0
CHEMBL4740512,CCN1CC(Oc2ccc3c(c2)Cc2cccc(-c4cc(=O)cc(N5CCOCC5)o4)c2S3)C1,active,7.0
CHEMBL4788662,O=c1cc(-c2cccc3c2Sc2ccc(OC4CN(CC(F)F)C4)cc2C3)oc(N2CCOCC2)c1,active,4.0
CHEMBL4761765,C[C@H]1CN([C@H](C)COc2ccc3c(c2)Cc2cccc(-c4cc(=O)cc(N5CCOCC5)o4)c2S3)C[C@@H](C)O1,active,1.0
CHEMBL4760622,CO[C@@H](C)COc1ccc2c(c1)Cc1cccc(-c3cc(=O)cc(N4CCOCC4)o3)c1S2,active,4.0
CHEMBL4763102,C[C@H](O)COc1ccc2c(c1)Cc1cccc(-c3cc(=O)cc(N4CCOCC4)o3)c1S2,active,0.6
CHEMBL4752634,COC[C@@H](C)Oc1ccc2c(c1)Cc1cccc(-c3cc(=O)cc(N4CCOCC4)o3)c1S2,active,1.0
CHEMBL4747809,O=c1cc(-c2cccc3c2Sc2ccc(OC4CCOCC4)cc2C3)oc(N2CCOCC2)c1,active,3.2
CHEMBL4760480,O=c1cc(-c2cccc3c2Sc2ccc(OC4COC4)cc2C3)oc(N2CCOCC2)c1,active,1.0
CHEMBL4781601,O=c1cc(-c2cccc3c2Sc2ccc(OCC4CCOCC4)cc2C3)oc(N2CCOCC2)c1,active,0.5
CHEMBL4799437,COc1ccc2c(c1)C(C)(C)c1cccc(-c3cc(=O)cc(N4CCOCC4)o3)c1S2,active,480.0
CHEMBL4783459,COc1ccc2c(c1)C1(CCOCC1)c1cccc(-c3cc(=O)cc(N4CCOCC4)o3)c1S2,active,50.0
CHEMBL4795477,COC[C@@H]1c2cc(OC)ccc2Sc2c(-c3cc(=O)cc(N4CCOCC4)o3)cccc21,active,530.0
CHEMBL4783046,COC[C@H]1c2cc(OC)ccc2Sc2c(-c3cc(=O)cc(N4CCOCC4)o3)cccc21,active,5.0
CHEMBL2140173,C[C@H]1CN(CC(=O)Nc2ccc3c(c2)Cc2cccc(-c4cc(=O)cc(N5CCOCC5)o4)c2S3)C[C@@H](C)O1,active,260.0
CHEMBL4792283,O=C(CN1CCCC1)Nc1ccc2c(c1)Cc1cccc(-c3cc(=O)cc(N4CCOCC4)o3)c1S2,active,470.0
CHEMBL4794627,O=C(Nc1ccc2c(c1)Cc1cccc(-c3cc(=O)cc(N4CCOCC4)o3)c1S2)C1CC1,active,570.0
CHEMBL4790714,CC(=O)Nc1ccc2c(c1)Cc1cccc(-c3cc(=O)cc(N4CCOCC4)o3)c1S2,active,370.0
CHEMBL4763842,CC1(CNc2ccc3c(c2)Cc2cccc(-c4cc(=O)cc(N5CCOCC5)o4)c2S3)COC1,active,110.0
CHEMBL4744385,CC(=O)N(C)c1ccc2c(c1)Cc1cccc(-c3cc(=O)cc(N4CCOCC4)o3)c1S2,intermediate,4000.0
CHEMBL4792737,COc1ccc2c(c1)Cc1cccc(-c3cc(=O)cc(N4CCOCC4)o3)c1S2,active,910.0
CHEMBL4792191,O=c1cc(-c2cccc3c2Sc2ccc(O)cc2C3)oc(N2CCOCC2)c1,intermediate,2200.0
CHEMBL4763108,O=c1cc(-c2cccc3c2Sc2ccc(OCCN4C[C@H]5C[C@@H]4CO5)cc2C3)oc(N2CCOCC2)c1,active,210.0
CHEMBL4783324,O=c1cc(-c2cccc3c2Sc2ccc(OCCN4CCC(F)(F)CC4)cc2C3)oc(N2CCOCC2)c1,active,350.0
CHEMBL4756577,O=c1cc(-c2cccc3c2Sc2ccc(OCCN4CCCC45CCOC5)cc2C3)oc(N2CCOCC2)c1,active,380.0
CHEMBL4748079,O=c1cc(-c2cccc3c2Sc2ccc(OCCN4CCC(F)(F)C4)cc2C3)oc(N2CCOCC2)c1,active,260.0
CHEMBL4786685,O=c1cc(-c2cccc3c2Sc2ccc(OCCN4CC(F)C4)cc2C3)oc(N2CCOCC2)c1,active,670.0
CHEMBL4791332,CC(C)(O)C1CCN(CCOc2ccc3c(c2)Cc2cccc(-c4cc(=O)cc(N5CCOCC5)o4)c2S3)CC1,active,860.0
CHEMBL4777914,CN1CCN(CCOc2ccc3c(c2)Cc2cccc(-c4cc(=O)cc(N5CCOCC5)o4)c2S3)CC1,active,250.0
CHEMBL4788241,C[C@H]1CN(CCOc2ccc3c(c2)Cc2cccc(-c4cc(=O)cc(N5CCOCC5)o4)c2S3)C[C@@H](C)O1,active,520.0
CHEMBL4797110,C[C@@H](CN1C[C@H]2C[C@@H]1CO2)Oc1ccc2c(c1)Cc1cccc(-c3cc(=O)cc(N4CCOCC4)o3)c1S2,active,200.0
CHEMBL4754219,C[C@@H](CN1C[C@H](C)O[C@H](C)C1)Oc1ccc2c(c1)Cc1cccc(-c3cc(=O)cc(N4CCOCC4)o3)c1S2,active,340.0
CHEMBL4794132,C[C@H]1CN(C[C@@H](C)Oc2ccc3c(c2)Cc2cccc(-c4cc(=O)cc(N5CCOCC5)o4)c2S3)C[C@@H](C)O1,active,70.0
CHEMBL4759581,C[C@@H](CN1CCOC2(CC2)C1)Oc1ccc2c(c1)Cc1cccc(-c3cc(=O)cc(N4CCOCC4)o3)c1S2,active,340.0
CHEMBL4751373,C[C@@H](CN1CCOCC12COC2)Oc1ccc2c(c1)Cc1cccc(-c3cc(=O)cc(N4CCOCC4)o3)c1S2,active,230.0
CHEMBL4787824,C[C@@H](CN1CCCC12COC2)Oc1ccc2c(c1)Cc1cccc(-c3cc(=O)cc(N4CCOCC4)o3)c1S2,active,140.0
CHEMBL4745255,C[C@H](CN1CCOCC1)Oc1ccc2c(c1)Cc1cccc(-c3cc(=O)cc(N4CCOCC4)o3)c1S2,active,70.0
CHEMBL4742203,C[C@@H](CN1CCOCC1)Oc1ccc2c(c1)Cc1cccc(-c3cc(=O)cc(N4CCOCC4)o3)c1S2,active,310.0
CHEMBL4797559,C[C@H](COc1ccc2c(c1)Cc1cccc(-c3cc(=O)cc(N4CCOCC4)o3)c1S2)N1CCOCC1,active,230.0
CHEMBL4784220,C[C@@H](COc1ccc2c(c1)Cc1cccc(-c3cc(=O)cc(N4CCOCC4)o3)c1S2)N1CCOCC1,active,160.0
CHEMBL4788818,CN1CC[C@@H](Oc2ccc3c(c2)Cc2cccc(-c4cc(=O)cc(N5CCOCC5)o4)c2S3)C1,active,100.0
CHEMBL4783168,O=c1cc(-c2cccc3c2Sc2ccc(O[C@@H]4CCN(CC(F)F)C4)cc2C3)oc(N2CCOCC2)c1,active,180.0
CHEMBL4740512,CCN1CC(Oc2ccc3c(c2)Cc2cccc(-c4cc(=O)cc(N5CCOCC5)o4)c2S3)C1,active,320.0
CHEMBL4788662,O=c1cc(-c2cccc3c2Sc2ccc(OC4CN(CC(F)F)C4)cc2C3)oc(N2CCOCC2)c1,active,250.0
CHEMBL4761765,C[C@H]1CN([C@H](C)COc2ccc3c(c2)Cc2cccc(-c4cc(=O)cc(N5CCOCC5)o4)c2S3)C[C@@H](C)O1,active,270.0
CHEMBL4760622,CO[C@@H](C)COc1ccc2c(c1)Cc1cccc(-c3cc(=O)cc(N4CCOCC4)o3)c1S2,active,660.0
CHEMBL4763102,C[C@H](O)COc1ccc2c(c1)Cc1cccc(-c3cc(=O)cc(N4CCOCC4)o3)c1S2,active,450.0
CHEMBL4752634,COC[C@@H](C)Oc1ccc2c(c1)Cc1cccc(-c3cc(=O)cc(N4CCOCC4)o3)c1S2,active,210.0
CHEMBL4747809,O=c1cc(-c2cccc3c2Sc2ccc(OC4CCOCC4)cc2C3)oc(N2CCOCC2)c1,active,230.0
CHEMBL4760480,O=c1cc(-c2cccc3c2Sc2ccc(OC4COC4)cc2C3)oc(N2CCOCC2)c1,active,380.0
CHEMBL4781601,O=c1cc(-c2cccc3c2Sc2ccc(OCC4CCOCC4)cc2C3)oc(N2CCOCC2)c1,active,890.0
CHEMBL4799437,COc1ccc2c(c1)C(C)(C)c1cccc(-c3cc(=O)cc(N4CCOCC4)o3)c1S2,inactive,24000.0
CHEMBL4783459,COc1ccc2c(c1)C1(CCOCC1)c1cccc(-c3cc(=O)cc(N4CCOCC4)o3)c1S2,intermediate,1050.0
CHEMBL4795477,COC[C@@H]1c2cc(OC)ccc2Sc2c(-c3cc(=O)cc(N4CCOCC4)o3)cccc21,inactive,12600.0
CHEMBL4783046,COC[C@H]1c2cc(OC)ccc2Sc2c(-c3cc(=O)cc(N4CCOCC4)o3)cccc21,active,590.0
CHEMBL222102,O=c1cc(-c2cccc3c2Sc2ccccc2S3)oc(N2CCOCC2)c1,active,12.9
CHEMBL4789596,O=c1cc(-c2cccc3c2Sc2ccccc2S3)oc(N2CCCCC2)c1,intermediate,2960.0
CHEMBL4780892,C[C@H]1CC(NC(=O)Cc2ccc3c(c2)Sc2cccc(-c4cc(=O)cc(N5CCOCC5)o4)c2S3)C[C@@H](C)O1,active,6.3
CHEMBL2143829,COc1cc2ncnc(-n3nc(-c4ccccn4)nc3N)c2cc1OC,active,12.9
CHEMBL4594429,CC(C)n1c(=O)n(C)c2cnc3cc(F)c(-c4ccc(OCCCN5CCCCC5)nc4)cc3c21,active,0.09
